{
  "M1_r_full": 0.0609,
  "M1_p_full": 0.293311,
  "M1_ci_lower": -0.05,
  "M1_ci_upper": 0.17,
  "M1_bayes_factor": "0.125",
  "M1_power": 0.1831,
  "M4_xi_coeff": 0.3333,
  "M4_xi_pvalue": 0.197467,
  "M4_r2_base": 0.0299,
  "M4_r2_full": 0.0354,
  "M4_delta_r2": 0.0055,
  "M4_cohens_f2": 0.0057
}