{
  "H3_r": -0.0757,
  "H3_p": 0.193158,
  "H3_bf10": "0.169",
  "H3_n": 297,
  "H4_r": -0.0733,
  "H4_p": 0.103221,
  "H4_bf10": "0.211",
  "H4_n": 496
}